pResectionNAT,QALMs,SF,NAT
0.26,,17.487,15.042838
0.304,,17.487,15.4087728
0.348,,17.487,15.7747076
0.392,,17.487,16.1406424
0.436,,17.487,16.5065772
0.48,,17.487,16.872512
0.524,,17.487,17.2384468
0.568,,17.487,17.6043816
0.612,,17.487,17.9703164
0.656,,17.487,18.3362512
0.7,,17.487,18.702186
